<?xml version="1.0" encoding="UTF-8"?>
<beans:beans xmlns="http://www.springframework.org/schema/integration"
	xmlns:xsi="http://www.w3.org/2001/XMLSchema-instance"
	xmlns:beans="http://www.springframework.org/schema/beans"
	xsi:schemaLocation="http://www.springframework.org/schema/beans
			http://www.springframework.org/schema/beans/spring-beans.xsd
			http://www.springframework.org/schema/integration
			http://www.springframework.org/schema/integration/spring-integration.xsd">

	<channel id="wharehousechannel"/>
	<channel id="shippingchannel"/>
	<channel id="nextdayshippingchannel"/>
	<channel id="normaldayshippingchannel"/>
	<channel id="internationalshippingchannel"/>

	<service-activator input-channel="wharehousechannel"
	                   output-channel="shippingchannel"
	                   ref="warehouseservice"
	                   method="checkStock"/>

	<router method="shippingRouteByAmount"
			input-channel="domesticshippingchannel">
			<beans:bean class="esb.ShippingRoute"/>
	</router>

	<router method="shippingRouteByLocation"
			input-channel="shippingchannel">
		<beans:bean class="esb.ShippingRoute"/>
	</router>
	                   
	<service-activator input-channel="normalshippingchannel"
	                   ref="normalshippingservice"
	                   method="ship"/>

	<service-activator input-channel="nextdayshippingchannel"
					   ref="nextdayshippingservice"
					   method="nextDayShipping"/>

	<service-activator input-channel="internationalshippingchannel"
					   ref="internationalshippingservice"
					   method="internationalShipping"/>
	                   
	<beans:bean id="warehouseservice" class="esb.WarehouseActivator"/>
	<beans:bean id="normalshippingservice" class="esb.ShippingActivator"/>
	<beans:bean id="nextdayshippingservice" class="esb.NextDayShippingActivator"/>
	<beans:bean id="internationalshippingservice" class="esb.InternationalShippingActivator"/>

	
</beans:beans>
